{
  "0": "ENUMNULL",
  "101": "Warrior (Male)",
  "102": "Berserker",
  "103": "Destroyer",
  "104": "Gunlancer",
  "105": "Paladin",
  "111": "Warrior (Female)",
  "112": "Slayer",
  "201": "Mage",
  "202": "Arcanist",
  "203": "Summoner",
  "204": "Bard",
  "205": "Sorceress",
  "301": "Martial Artist (Female)",
  "302": "Wardancer",
  "303": "Scrapper",
  "304": "Soulfist",
  "305": "Glaivier",
  "311": "Martial Artist (Male)",
  "312": "Striker",
  "313": "infighter_male",
  "401": "Assassin",
  "402": "Deathblade",
  "403": "Shadowhunter",
  "404": "Reaper",
  "405": "Souleater",
  "501": "Gunner (Male)",
  "502": "Sharpshooter",
  "503": "Deadeye",
  "504": "Artillerist",
  "505": "Machinist",
  "511": "Gunner (Female)",
  "512": "Gunslinger",
  "601": "Specialist",
  "602": "Artist",
  "603": "Aeromancer",
  "604": "Alchemist"
}
